features,animal,stim,bg,cortex,stim_bg,all,unique
post,9,0.08425,0.00062,0.02967,0.08476,0.09886,0.01410
post,10,0.75234,0.01435,0.35090,0.75260,0.76372,0.01111
post,11,0.61324,0.01972,0.25244,0.61870,0.61986,0.00116
post,3,0.60934,0.00612,0.15835,0.61227,0.62731,0.01504
post,4,0.27058,0.02313,0.26003,0.28323,0.35192,0.06869
pre,9,0.08425,0.00062,-0.00338,0.08476,0.08170,-0.00306
pre,10,0.75234,0.01435,-0.03325,0.75260,0.74020,-0.01240
pre,11,0.61324,0.01972,-0.02122,0.61870,0.61184,-0.00686
pre,3,0.60934,0.00612,-0.00668,0.61227,0.61045,-0.00182
pre,4,0.27058,0.02313,-0.00591,0.28323,0.27968,-0.00355
pre_spec,9,0.08425,0.00062,0.01971,0.08476,0.10171,0.01695
pre_spec,10,0.75234,0.01435,-0.01409,0.75260,0.74582,-0.00678
pre_spec,11,0.61324,0.01972,-0.00919,0.61870,0.61317,-0.00553
pre_spec,3,0.60934,0.00612,0.00154,0.61227,0.61413,0.00186
pre_spec,4,0.27058,0.02313,0.01714,0.28323,0.29243,0.00920
bands,9,0.08425,0.00062,0.01719,0.08476,0.10010,0.01534
bands,10,0.75234,0.01435,0.00705,0.75260,0.75371,0.00110
bands,11,0.61324,0.01972,0.00700,0.61870,0.61933,0.00063
bands,3,0.60934,0.00612,0.00429,0.61227,0.61523,0.00296
bands,4,0.27058,0.02313,0.01729,0.28323,0.29475,0.01152
