features,animal,r2,null,windows_above,windows
post,9,0.00951,-0.00246,9,9
post,10,0.04439,-0.01818,35,35
post,11,0.01689,-0.01578,15,17
post,3,0.04087,-0.00410,20,20
post,4,0.07659,-0.00561,20,20
pre,9,-0.00344,-0.00335,4,9
pre,10,-0.03279,-0.03016,18,35
pre,11,-0.02002,-0.02266,10,17
pre,3,-0.00713,-0.00647,8,20
pre,4,-0.00539,-0.00751,9,20
pre_spec,9,0.01559,-0.00391,9,9
pre_spec,10,-0.01797,-0.02773,30,35
pre_spec,11,-0.01647,-0.02361,14,17
pre_spec,3,0.00319,-0.00622,19,20
pre_spec,4,0.00511,-0.00732,20,20
bands,9,0.01420,-0.00035,9,9
bands,10,0.00356,-0.00355,32,35
bands,11,0.00197,-0.00225,10,17
bands,3,0.00597,-0.00082,20,20
bands,4,0.00805,-0.00095,19,20
